1.7)

   1.    List product name, price except chochlate on price order.

   mysql> select * from product;
+-----+----------------+-------+
| pid | pname          | price |
+-----+----------------+-------+
| 301 | chochlate      |    15 |
| 313 | lexxi          |    44 |
| 334 | basumathi rice |    88 |
| 335 | boomer         |     5 |
| 339 | ashirvad atta  |   152 |
| 402 | onion          |   118 |
| 415 | lays           |    25 |
+-----+----------------+-------+
7 rows in set (0.00 sec)

mysql> select pname,price from product where pname!='chochlate' order by price;  //WRONG QUERY
+----------------+-------+
| pname          | price |
+----------------+-------+
| boomer         |     5 |
| lays           |    25 |
| lexxi          |    44 |
| basumathi rice |    88 |
| onion          |   118 |
| ashirvad atta  |   152 |
+----------------+-------+
6 rows in set (0.00 sec)

----------------------------------------------------------------------------------------

2.Find minimum, maximum and average price of products.
 
 mysql> select min(price),max(price),avg(price) from product;
+------------+------------+------------+
| min(price) | max(price) | avg(price) |
+------------+------------+------------+
|          5 |        152 |    63.8571 |
+------------+------------+------------+
1 row in set (0.00 sec)
------------------------------------------------------------------------------------------

3.Find number of customers in each city.

 mysql> select * from Customer;
+-----+----------+-------------------+---------------+------------+
| id  | name     | address           | city          | ph_no      |
+-----+----------+-------------------+---------------+------------+
| 100 | aravind  | karthika house    | malappuram    | 9645546800 |
| 101 | Hari     | kuzhithara  house | palakkad      | 8156850040 |
| 106 | hiba     | pa house          | kannur        | 9846672312 |
| 110 | antappan | kalpatta house    | ernakulam     | 7981345671 |
| 111 | Arjun    | sarovaram house   | ernakulam     | 8945673412 |
| 115 | bheem    | sarovaram house   | trivandrum    | 9057461312 |
| 116 | binky    | vellila house     | vellila       |       NULL |
| 120 | minhaj   | dreams house      | kunnamangalam |       NULL |
+-----+----------+-------------------+---------------+------------+
8 rows in set (0.00 sec)

mysql> select city,count(id) from Customer group by city;
+---------------+-----------+
| city          | count(id) |
+---------------+-----------+
| ernakulam     |         2 |
| kannur        |         1 |
| kunnamangalam |         1 |
| malappuram    |         1 |
| palakkad      |         1 |
| trivandrum    |         1 |
| vellila       |         1 |
+---------------+-----------+
7 rows in set (0.00 sec)
------------------------------------------------------------------------------------------

4. Find number of customers in each city, only include city with more than 3 customers.

 mysql> select * from Customer;
+-----+----------+-------------------+---------------+------------+
| id  | name     | address           | city          | ph_no      |
+-----+----------+-------------------+---------------+------------+
| 100 | aravind  | karthika house    | ernakulam     | 9645546800 |
| 101 | Hari     | kuzhithara  house | ernakulam     | 8156850040 |
| 106 | hiba     | pa house          | kannur        | 9846672312 |
| 110 | antappan | kalpatta house    | ernakulam     | 7981345671 |
| 111 | Arjun    | sarovaram house   | ernakulam     | 8945673412 |
| 115 | bheem    | sarovaram house   | trivandrum    | 9057461312 |
| 116 | binky    | vellila house     | vellila       |       NULL |
| 120 | minhaj   | dreams house      | kunnamangalam |       NULL |
+-----+----------+-------------------+---------------+------------+
8 rows in set (0.00 sec)

 mysql> select city,count(id) from Customer group by city having count(id)>3;
+-----------+-----------+
| city      | count(id) |
+-----------+-----------+
| ernakulam |         4 |
+-----------+-----------+
1 row in set (0.01 sec)

---------------------------------------------------------------------------------------
5.Show data as displayed ‘who, where’ Eg: ‘customer1 lives in ekm’.

 mysql> select concat(name, " Lives In ",city)as Cust_info from Customer;
+-------------------------------+
| Cust_info                     |
+-------------------------------+
| aravind Lives In ernakulam    |
| Hari Lives In ernakulam       |
| hiba Lives In kannur          |
| antappan Lives In ernakulam   |
| Arjun Lives In ernakulam      |
| bheem Lives In trivandrum     |
| binky Lives In vellila        |
| minhaj Lives In kunnamangalam |
+-------------------------------+
8 rows in set (0.00 sec)

//COMPLETED
//WRONG QUERY, RESUBMIT
