1.9)

     mysql> select * from invoice_item;
+--------+------+----------+
| inv_id | pid  | quantity |
+--------+------+----------+
|   1212 |  301 |        3 |
|   1212 |  334 |        2 |
|   1212 |  313 |        4 |
|   2190 |  402 |        2 |
|   2190 |  415 |        2 |
|   1567 |  339 |        2 |
|   2190 |  301 |        2 |
|   1212 |  415 |        4 |
|   1567 |  301 |        1 |
|   1567 |  415 |        1 |
+--------+------+----------+
10 rows in set (0.00 sec)

mysql> select * from invoice_master;
+--------+---------+------------+
| inv_id | cust_id | inv_date   |
+--------+---------+------------+
|   1212 |     101 | 2023-02-03 |
|   1510 |     101 | 2023-04-25 |
|   1567 |     106 | 2023-02-03 |
|   2190 |     106 | 2023-02-03 |
+--------+---------+------------+
4 rows in set (0.00 sec)

mysql> select * from Customer;
+-----+----------+-------------------+---------------+------------+
| id  | name     | address           | city          | ph_no      |
+-----+----------+-------------------+---------------+------------+
| 100 | aravind  | karthika house    | ernakulam     | 9645546800 |
| 101 | Hari     | kuzhithara  house | ernakulam     | 8156850040 |
| 106 | hiba     | pa house          | kannur        | 9846672312 |
| 110 | antappan | kalpatta house    | ernakulam     | 7981345671 |
| 111 | Arjun    | sarovaram house   | ernakulam     | 8945673412 |
| 115 | bheem    | sarovaram house   | trivandrum    | 9057461312 |
| 116 | binky    | vellila house     | vellila       |       NULL |
| 120 | minhaj   | dreams house      | kunnamangalam |       NULL |
+-----+----------+-------------------+---------------+------------+
8 rows in set (0.00 sec)

mysql> select * from product;
+-----+----------------+-------+
| pid | pname          | price |
+-----+----------------+-------+
| 301 | chochlate      |    15 |
| 313 | lexxi          |    44 |
| 334 | basumathi rice |    88 |
| 335 | boomer         |     5 |
| 339 | ashirvad atta  |   152 |
| 402 | onion          |   118 |
| 415 | lays           |    25 |
+-----+----------------+-------+
7 rows in set (0.00 sec)


------------------------------------------------------------------------------------------


1.      Display customer_id, city  who lives either in ‘ERNKLM’ or in ‘TVM’

  mysql> select id,city from Customer where city="ernakulam" or city="trivandrum"; 
+-----+------------+
| id  | city       |
+-----+------------+
| 100 | ernakulam  |
| 101 | ernakulam  |
| 110 | ernakulam  |
| 111 | ernakulam  |
| 115 | trivandrum |
+-----+------------+
5 rows in set (0.00 sec)

-----------------------------------------------------------------------------------------------

2.      Display product details with an updated price amount(new price= old price+5rs)


  mysql> select * from product;
+-----+----------------+-------+
| pid | pname          | price |
+-----+----------------+-------+
| 301 | chochlate      |    15 |
| 313 | lexxi          |    44 |
| 334 | basumathi rice |    88 |
| 335 | boomer         |     5 |
| 339 | ashirvad atta  |   152 |
| 402 | onion          |   118 |
| 415 | lays           |    25 |
+-----+----------------+-------+
7 rows in set (0.00 sec)


mysql> update product set price=price+5;
Query OK, 7 rows affected (0.04 sec)
Rows matched: 7  Changed: 7  Warnings: 0

mysql> select * from product;
+-----+----------------+-------+
| pid | pname          | price |
+-----+----------------+-------+
| 301 | chochlate      |    20 |
| 313 | lexxi          |    49 |
| 334 | basumathi rice |    93 |
| 335 | boomer         |    10 |
| 339 | ashirvad atta  |   157 |
| 402 | onion          |   123 |
| 415 | lays           |    30 |
+-----+----------------+-------+
7 rows in set (0.00 sec)

----------------------------------------------------------------------------------------------


3.Display customer details who doesn’t have phone number and lives in ‘Kochi’ city (use logical operators)


 mysql> select * from Customer;
+-----+----------+-------------------+---------------+------------+
| id  | name     | address           | city          | ph_no      |
+-----+----------+-------------------+---------------+------------+
| 100 | aravind  | karthika house    | ernakulam     | 9645546800 |
| 101 | Hari     | kuzhithara  house | ernakulam     | 8156850040 |
| 106 | hiba     | pa house          | kannur        | 9846672312 |
| 110 | antappan | kalpatta house    | ernakulam     | 7981345671 |
| 111 | Arjun    | sarovaram house   | ernakulam     | 8945673412 |
| 115 | bheem    | sarovaram house   | trivandrum    | 9057461312 |
| 116 | binky    | vellila house     | kochi         |       NULL |
| 120 | minhaj   | dreams house      | kunnamangalam |       NULL |
+-----+----------+-------------------+---------------+------------+
8 rows in set (0.01 sec)


 mysql> select * from Customer where ph_no is null and city="kochi";
+-----+-------+---------------+-------+-------+
| id  | name  | address       | city  | ph_no |
+-----+-------+---------------+-------+-------+
| 116 | binky | vellila house | kochi |  NULL |
+-----+-------+---------------+-------+-------+
1 row in set (0.00 sec)

------------------------------------------------------------------------------------------------


4.      List the product names if it finds any records in the invoice items table has quantity =3 (use special operators)


  mysql> mysql> select pname from product where pid in(select pid from invoice_item where quantity =3);
+-----------+
| pname     |
+-----------+
| chochlate |
+-----------+
1 row in set (0.02 sec)

//COMPLETED
//VERIFIED
