1.2 DML COMMANDS
    ------------ 
      a) DML COMMANDS-INSERT

        1.      Insert values in EMPLOYEE table.
              insert into PERSON values("SM001","vyshnav","perintalmanna",2001,4123),("SM002","Hari","palakkad",2001,5649),("SM003","Nihal","Kozhikode",2001,2367);
Query OK, 3 rows affected (0.06 sec)
Records: 3  Duplicates: 0  Warnings: 0

mysql> select * from PERSON;
+-------+---------+---------------+------+----------+
| SSN   | name    | city          | dob  | adhar_no |
+-------+---------+---------------+------+----------+
| SM001 | vyshnav | perintalmanna | 2001 |     4123 |
| SM002 | Hari    | palakkad      | 2001 |     5649 |
| SM003 | Nihal   | Kozhikode     | 2001 |     2367 |
+-------+---------+---------------+------+----------+
3 rows in set (0.01 sec)

 2.      Insert values in STUDENT table.
          mysql> insert into STUDENT values(12,"Vyshnav",22,"karthika house pmna","M"),(23,"nihal",22,"kozhikode","M"),(5,"anjana",22,"wayanad","F");
Query OK, 3 rows affected (0.06 sec)
Records: 3  Duplicates: 0  Warnings: 0

mysql> select * from STUDENT;
+---------+---------+------+---------------------+--------+
| roll_no | name    | age  | address             | gender |
+---------+---------+------+---------------------+--------+
|       5 | anjana  |   22 | wayanad             | F      |
|      12 | Vyshnav |   22 | karthika house pmna | M      |
|      23 | nihal   |   22 | kozhikode           | M      |
+---------+---------+------+---------------------+--------+
3 rows in set (0.00 sec)

-------------------------------------------------------------------------------------------------------------------------

3.Insert values in INVOICE database. 

mysql> USE INVOICE;
Reading table information for completion of table and column names
You can turn off this feature to get a quicker startup with -A

Database changed

->CUSTOMER TABLE
--------------


mysql> insert into Customer values(100,"Vyshnav","karthika house","malappuram",9645546800);
Query OK, 1 row affected (0.05 sec)

mysql> insert into Customer values(101,"Hari","kuzhithara  house","palakkad",8156850040);
Query OK, 1 row affected (0.07 sec)

mysql> insert into Customer values(102,"karthik","pallikal house ","malappuram",9048018588);
Query OK, 1 row affected (0.06 sec)

mysql> insert into Customer(id,name,address,city)  values(103,"aswin","dream villa","kozhikode");
Query OK, 1 row affected (0.06 sec)

mysql> insert into Customer(id,name,address,city)  values(104,"vishnu","dream house","kozhikode");
Query OK, 1 row affected (0.05 sec)

mysql> insert into Customer(id,name,address,city)  values(105,"maanas","pullikalhouse","kozhikode");
Query OK, 1 row affected (0.05 sec)

mysql> insert into Customer values(106,"hiba","pa house ","kannur",9846672312);
Query OK, 1 row affected (0.05 sec)

mysql> select * from Customer;
+-----+---------+-------------------+------------+------------+
| id  | name    | address           | city       | ph_no      |
+-----+---------+-------------------+------------+------------+
| 100 | Vyshnav | karthika house    | malappuram | 9645546800 |
| 101 | Hari    | kuzhithara  house | palakkad   | 8156850040 |
| 102 | karthik | pallikal house    | malappuram | 9048018588 |
| 103 | aswin   | dream villa       | kozhikode  |       NULL |
| 104 | vishnu  | dream house       | kozhikode  |       NULL |
| 105 | maanas  | pullikalhouse     | kozhikode  |       NULL |
| 106 | hiba    | pa house          | kannur     | 9846672312 |
+-----+---------+-------------------+------------+------------+
7 rows in set (0.00 sec)

'''''''''''''''''''''''''''''''''''''''''''''''''''''''''''''''''''''''''''''''''''''''''''''''''''''''''''''''''''''''''''''''''''''''''''

->PRODUCT TABLE
 --------------


mysql> insert into product values(301,"chochlate",15);
Query OK, 1 row affected (0.04 sec)

mysql> insert into product values(313,"lexxi",45);
Query OK, 1 row affected (0.06 sec)

mysql> insert into product values(335,"boomer",5);
Query OK, 1 row affected (0.05 sec)

mysql> insert into product values(334,"basumathi rice",90);
Query OK, 1 row affected (0.07 sec)

mysql> insert into product values(339,"ashirvad atta",140);
Query OK, 1 row affected (0.05 sec)

mysql> insert into product values(402,"onion",120);
Query OK, 1 row affected (0.06 sec)

mysql> insert into product values(415,"lays",20);
Query OK, 1 row affected (0.04 sec)

mysql> select * from product;
+-----+----------------+-------+
| pid | pname          | price |
+-----+----------------+-------+
| 301 | chochlate      |    15 |
| 313 | lexxi          |    45 |
| 334 | basumathi rice |    90 |
| 335 | boomer         |     5 |
| 339 | ashirvad atta  |   140 |
| 402 | onion          |   120 |
| 415 | lays           |    20 |
+-----+----------------+-------+
7 rows in set (0.00 sec)

->INVOICE MASTER TABLE
  ------------------

mysql> insert into invoice_master values(1002,100,"2023-02-20");
Query OK, 1 row affected (0.06 sec)

mysql> insert into invoice_master values(1212,101,"2023-02-25");
Query OK, 1 row affected (0.04 sec)

mysql> insert into invoice_master values(1245,102,"2023-02-12");
Query OK, 1 row affected (0.05 sec)

mysql> insert into invoice_master values(1467,100,"2023-01-10");
Query OK, 1 row affected (0.04 sec)

mysql> insert into invoice_master values(1489,104,"2023-01-17");
Query OK, 1 row affected (0.05 sec)

mysql> insert into invoice_master values(1510,101,"2023-04-25");
Query OK, 1 row affected (0.06 sec)

mysql> insert into invoice_master values(1729,100,"2023-04-21");
Query OK, 1 row affected (0.08 sec)

mysql> select * from invoice_master;
+--------+---------+------------+
| inv_id | cust_id | inv_date   |
+--------+---------+------------+
|   1002 |     100 | 2023-02-20 |
|   1212 |     101 | 2023-02-25 |
|   1245 |     102 | 2023-02-12 |
|   1467 |     100 | 2023-01-10 |
|   1489 |     104 | 2023-01-17 |
|   1510 |     101 | 2023-04-25 |
|   1729 |     100 | 2023-04-21 |
+--------+---------+------------+
7 rows in set (0.00 sec)

->INVOICE ITEM TABLE
  --------------------

mysql> insert into invoice_item values(1002,301,2);
Query OK, 1 row affected (0.07 sec)

mysql> insert into invoice_item values(1002,313,4);
Query OK, 1 row affected (0.04 sec)

mysql> insert into invoice_item values(1002,334,3);
Query OK, 1 row affected (0.04 sec)

mysql> insert into invoice_item values(1212,339,1);
Query OK, 1 row affected (0.05 sec)

mysql> insert into invoice_item values(1729,415,5);
Query OK, 1 row affected (0.06 sec)

mysql> insert into invoice_item values(1245,402,3);
Query OK, 1 row affected (0.05 sec)

mysql> insert into invoice_item values(1245,335,1);
Query OK, 1 row affected (0.12 sec)

mysql> select * from invoice_item;
+--------+------+----------+
| inv_id | pid  | quantity |
+--------+------+----------+
|   1002 |  301 |        2 |
|   1002 |  313 |        4 |
|   1002 |  334 |        3 |
|   1212 |  339 |        1 |
|   1729 |  415 |        5 |
|   1245 |  402 |        3 |
|   1245 |  335 |        1 |
+--------+------+----------+
7 rows in set (0.00 sec)
-------------------------------------------------------------------------------------------------------------------------------------

b)DML COMMANDS- UPDATE
-----------------------


1. Update the price of a particular product.
-------------------------------------------


mysql> update product set price=155 where pid=339;
Query OK, 1 row affected (0.06 sec)
Rows matched: 1  Changed: 1  Warnings: 0

mysql> update product set price=25 where pid=415;
Query OK, 1 row affected (0.04 sec)
Rows matched: 1  Changed: 1  Warnings: 0

mysql> select * from product;
+-----+----------------+-------+
| pid | pname          | price |
+-----+----------------+-------+
| 301 | chochlate      |    15 |
| 313 | lexxi          |    45 |
| 334 | basumathi rice |    90 |
| 335 | boomer         |     5 |
| 339 | ashirvad atta  |   155 |
| 402 | onion          |   120 |
| 415 | lays           |    25 |
+-----+----------------+-------+
7 rows in set (0.00 sec)


2. Change the name of city ‘kozhikode’ to ‘calicut’ in the customer table. 
-------------------------------------------------------------------------

mysql> select * from Customer;
+-----+---------+-------------------+------------+------------+
| id  | name    | address           | city       | ph_no      |
+-----+---------+-------------------+------------+------------+
| 100 | Vyshnav | karthika house    | malappuram | 9645546800 |
| 101 | Hari    | kuzhithara  house | palakkad   | 8156850040 |
| 102 | karthik | pallikal house    | malappuram | 9048018588 |
| 103 | aswin   | dream villa       | kozhikode  |       NULL |
| 104 | vishnu  | dream house       | kozhikode  |       NULL |
| 105 | maanas  | pullikalhouse     | kozhikode  |       NULL |
| 106 | hiba    | pa house          | kannur     | 9846672312 |
+-----+---------+-------------------+------------+------------+
7 rows in set (0.00 sec)

mysql> update Customer set city='calicut' where city='kozhikode';
Query OK, 3 rows affected (0.05 sec)
Rows matched: 3  Changed: 3  Warnings: 0

mysql> select * from Customer;
+-----+---------+-------------------+------------+------------+
| id  | name    | address           | city       | ph_no      |
+-----+---------+-------------------+------------+------------+
| 100 | Vyshnav | karthika house    | malappuram | 9645546800 |
| 101 | Hari    | kuzhithara  house | palakkad   | 8156850040 |
| 102 | karthik | pallikal house    | malappuram | 9048018588 |
| 103 | aswin   | dream villa       | calicut    |       NULL |
| 104 | vishnu  | dream house       | calicut    |       NULL |
| 105 | maanas  | pullikalhouse     | calicut    |       NULL |
| 106 | hiba    | pa house          | kannur     | 9846672312 |
+-----+---------+-------------------+------------+------------+
7 rows in set (0.00 sec)

3. Update all prices with 2% of its original price
--------------------------------------------------


mysql> select * from product;
+-----+----------------+-------+
| pid | pname          | price |
+-----+----------------+-------+
| 301 | chochlate      |    15 |
| 313 | lexxi          |    45 |
| 334 | basumathi rice |    90 |
| 335 | boomer         |     5 |
| 339 | ashirvad atta  |   155 |
| 402 | onion          |   120 |
| 415 | lays           |    25 |
+-----+----------------+-------+
7 rows in set (0.00 sec)

mysql> update product set price=price-(price*2/100);
Query OK, 4 rows affected (0.05 sec)
Rows matched: 7  Changed: 4  Warnings: 0

mysql> select * from product;
+-----+----------------+-------+
| pid | pname          | price |
+-----+----------------+-------+
| 301 | chochlate      |    15 |
| 313 | lexxi          |    44 |
| 334 | basumathi rice |    88 |
| 335 | boomer         |     5 |
| 339 | ashirvad atta  |   152 |
| 402 | onion          |   118 |
| 415 | lays           |    25 |
+-----+----------------+-------+
7 rows in set (0.00 sec)

4. Change the address, city, phone number of a particular customer. 
------------------------------------------------------------------

mysql> select * from Customer;
+-----+---------+-------------------+------------+------------+
| id  | name    | address           | city       | ph_no      |
+-----+---------+-------------------+------------+------------+
| 100 | Vyshnav | karthika house    | malappuram | 9645546800 |
| 101 | Hari    | kuzhithara  house | palakkad   | 8156850040 |
| 102 | karthik | pallikal house    | malappuram | 9048018588 |
| 103 | aswin   | dream villa       | calicut    |       NULL |
| 104 | vishnu  | dream house       | calicut    |       NULL |
| 105 | maanas  | pullikalhouse     | calicut    |       NULL |
| 106 | hiba    | pa house          | kannur     | 9846672312 |
+-----+---------+-------------------+------------+------------+
7 rows in set (0.00 sec)

mysql> update Customer set address='palazhi house',city='idukki',ph_no=8921567891 where id=102;
Query OK, 1 row affected (0.05 sec)
Rows matched: 1  Changed: 1  Warnings: 0

mysql> select * from Customer;
+-----+---------+-------------------+------------+------------+
| id  | name    | address           | city       | ph_no      |
+-----+---------+-------------------+------------+------------+
| 100 | Vyshnav | karthika house    | malappuram | 9645546800 |
| 101 | Hari    | kuzhithara  house | palakkad   | 8156850040 |
| 102 | karthik | palazhi house     | idukki     | 8921567891 |
| 103 | aswin   | dream villa       | calicut    |       NULL |
| 104 | vishnu  | dream house       | calicut    |       NULL |
| 105 | maanas  | pullikalhouse     | calicut    |       NULL |
| 106 | hiba    | pa house          | kannur     | 9846672312 |
+-----+---------+-------------------+------------+------------+
7 rows in set (0.00 sec)

5. Change the quantity of a purchased product of any inv_id.
-----------------------------------------------------------

mysql> select * from invoice_item;
+--------+------+----------+
| inv_id | pid  | quantity |
+--------+------+----------+
|   1002 |  301 |        2 |
|   1002 |  313 |        4 |
|   1002 |  334 |        3 |
|   1212 |  339 |        1 |
|   1729 |  415 |        5 |
|   1245 |  402 |        3 |
|   1245 |  335 |        1 |
+--------+------+----------+
7 rows in set (0.00 sec)

mysql> update invoice_item set quantity=20 where inv_id=1212 and pid=339;
Query OK, 1 row affected (0.06 sec)
Rows matched: 1  Changed: 1  Warnings: 0

mysql> select * from invoice_item;
+--------+------+----------+
| inv_id | pid  | quantity |
+--------+------+----------+
|   1002 |  301 |        2 |
|   1002 |  313 |        4 |
|   1002 |  334 |        3 |
|   1212 |  339 |       20 |
|   1729 |  415 |        5 |
|   1245 |  402 |        3 |
|   1245 |  335 |        1 |
+--------+------+----------+
7 rows in set (0.00 sec)
-------------------------------------------------------------------------------------------------

c) DML COMMAND- DELETE
-----------------------

1. Delete the record of customer id ‘102’
-----------------------------------------

mysql> delete from invoice_item where inv_id=1245;
Query OK, 2 rows affected (0.05 sec)

mysql> delete from invoice_master where inv_id=1245;
Query OK, 1 row affected (0.05 sec)

mysql> delete from Customer where id=102;
Query OK, 1 row affected (0.05 sec)

mysql> select * from Customer;
+-----+---------+-------------------+------------+------------+
| id  | name    | address           | city       | ph_no      |
+-----+---------+-------------------+------------+------------+
| 100 | Vyshnav | karthika house    | malappuram | 9645546800 |
| 101 | Hari    | kuzhithara  house | palakkad   | 8156850040 |
| 103 | aswin   | dream villa       | calicut    |       NULL |
| 104 | vishnu  | dream house       | calicut    |       NULL |
| 105 | maanas  | pullikalhouse     | calicut    |       NULL |
| 106 | hiba    | pa house          | kannur     | 9846672312 |
+-----+---------+-------------------+------------+------------+
6 rows in set (0.00 sec)

2. Delete all purchase details of items its quantity less than 2
----------------------------------------------------------------

mysql> delete from invoice_item where quantity<2;
Query OK, 0 rows affected (0.00 sec)

mysql> select * from invoice_item;
+--------+------+----------+
| inv_id | pid  | quantity |
+--------+------+----------+
|   1002 |  301 |        2 |
|   1002 |  313 |        4 |
|   1002 |  334 |        3 |
|   1212 |  339 |       20 |
|   1729 |  415 |        5 |
+--------+------+----------+
5 rows in set (0.00 sec)

3. Delete the purchase details of product ‘pen’ in the in_id ‘202235’
------------------------------------------------------------------

mysql> delete from invoice_item where inv_id=1002 and pid=313;
Query OK, 1 row affected (0.05 sec)

mysql> select * from invoice_item;
+--------+------+----------+
| inv_id | pid  | quantity |
+--------+------+----------+
|   1002 |  301 |        2 |
|   1002 |  334 |        3 |
|   1212 |  339 |       20 |
|   1729 |  415 |        5 |
+--------+------+----------+
4 rows in set (0.00 sec)


4. Delete details of customer who does not have phone number.
--------------------------------------------------------------

mysql> delete from Customer where ph_no is NULL;
Query OK, 3 rows affected (0.04 sec)

mysql> select * from Customer;
+-----+---------+-------------------+------------+------------+
| id  | name    | address           | city       | ph_no      |
+-----+---------+-------------------+------------+------------+
| 100 | Vyshnav | karthika house    | malappuram | 9645546800 |
| 101 | Hari    | kuzhithara  house | palakkad   | 8156850040 |
| 106 | hiba    | pa house          | kannur     | 9846672312 |
+-----+---------+-------------------+------------+------------+
3 rows in set (0.00 sec)

5. Delete all records from STUDENT table
-----------------------------------------

mysql> use DBMS;
Reading table information for completion of table and column names
You can turn off this feature to get a quicker startup with -A

Database changed
mysql> delete from STUDENT;
Query OK, 3 rows affected (0.05 sec)

mysql> select * from STUDENT;
Empty set (0.00 sec)

6. Delete Invoice details of a particular customer
--------------------------------------------------

mysql> delete from invoice_master where cust_id=100;
Query OK, 3 rows affected (0.06 sec)

mysql> select * from invoice_master;
+--------+---------+------------+
| inv_id | cust_id | inv_date   |
+--------+---------+------------+
|   1212 |     101 | 2023-02-25 |
|   1510 |     101 | 2023-04-25 |
+--------+---------+------------+
2 rows in set (0.00 sec)

//COMPLETED
